timestamp,rotation,northRay,northwestRay,northeastRay,eastRay,southRay,westRay,fitness,doorClosed,checkpointMet,distanceFromPlayer,seesKey,mouseRotation,forwardButtonPressed,backButtonPressed,leftButtonPressed,rightButtonPressed,keyButtonPressed
1.14,,,,,,,,,,,,False,,,,,,
1.16,161.872711181641,24.5010814666748,12.1277456283569,24.6418056488037,17.4243850708008,27.430778503418,8.57560157775879,,False,0,7.39785415647719,False,0,False,False,False,False,False
1.18,161.589111328125,24.5010814666748,12.1277456283569,24.6418056488037,17.4243850708008,27.430778503418,8.57560157775879,,False,0,7.31663056318261,False,0,False,False,False,False,False
1.2,161.298309326172,24.5010814666748,12.1277456283569,24.6418056488037,17.4243850708008,27.430778503418,8.57560157775879,,False,0,7.23577200716744,False,0,False,False,False,False,False
1.22,161.000595092773,24.5010814666748,12.1277456283569,24.6418056488037,17.4243850708008,27.430778503418,8.57560157775879,,False,0,7.15525190950689,False,0,False,False,False,False,False
1.24,160.696548461914,24.5010814666748,12.1277456283569,24.6418056488037,17.4243850708008,27.430778503418,8.57560157775879,,False,0,7.07502307036188,False,0,False,False,False,False,False
1.26,160.387161254883,24.5010814666748,12.1277456283569,24.6418056488037,17.4243850708008,27.430778503418,8.57560157775879,,False,0,6.99501216607769,False,0,False,False,False,False,False
1.28,160.073974609375,24.5010814666748,12.1277456283569,24.6418056488037,17.4243850708008,27.430778503418,8.57560157775879,,False,0,6.9151185730481,False,0,False,False,False,False,False
1.3,159.75944519043,24.5010814666748,12.1277456283569,24.6418056488037,17.4243850708008,27.430778503418,8.57560157775879,,False,0,6.83520225873046,False,0,False,False,False,False,False
1.32,159.447158813477,24.5011367797852,12.154167175293,24.588342666626,17.4245128631592,27.4308490753174,8.57553386688232,,False,0,6.75508427205446,False,0.025000000372529,False,False,False,False,False
1.34,159.057769775391,24.5013236999512,12.0754146575928,24.7497882843018,17.4243793487549,27.4310302734375,8.57585430145264,,False,0,6.67454535092206,False,-0.0750000029802322,False,False,False,False,False
1.36,159.024002075195,24.5013236999512,12.0754146575928,24.7497882843018,17.4243793487549,27.4310302734375,8.57585430145264,,False,0,6.59336498442299,False,0,False,False,False,False,False
1.38,158.763565063477,24.5013236999512,12.0754146575928,24.7497882843018,17.4243793487549,27.4310302734375,8.57585430145264,,False,0,6.51140545688746,False,0,False,False,False,False,False
1.4,158.546676635742,24.5013236999512,12.0754146575928,24.7497882843018,17.4243793487549,27.4310302734375,8.57585430145264,,False,0,6.4288386993943,False,0,False,False,False,False,False
1.42,158.396057128906,24.5013236999512,12.0754146575928,24.7497882843018,17.4243793487549,27.4310302734375,8.57585430145264,,False,0,6.34664320329285,False,0,False,False,False,False,False
1.44,158.3408203125,24.5013236999512,12.0754146575928,24.7497882843018,17.4243793487549,27.4310302734375,8.57585430145264,,False,0,6.26767947708479,False,0,False,False,False,False,False
1.46,158.409225463867,24.5013236999512,12.0754146575928,24.7497882843018,17.4243793487549,27.4310302734375,8.57585430145264,,False,0,6.19893647795913,False,0,False,False,False,False,False
1.48,158.590911865234,24.5013236999512,12.0754146575928,24.7497882843018,17.4243793487549,27.4310302734375,8.57585430145264,,False,0,6.15532618484701,False,0,False,False,False,False,False
1.5,158.686431884766,24.5013236999512,12.0754146575928,24.7497882843018,17.4243793487549,27.4310302734375,8.57585430145264,,False,0,6.15148138665177,False,0,False,False,False,False,False
1.52,158.874694824219,24.5013236999512,12.0754146575928,24.7497882843018,17.4243793487549,27.4310302734375,8.57585430145264,,False,0,6.16225210456111,False,0,False,False,False,False,False
1.54,159.267761230469,24.5019969940186,12.234489440918,24.4300308227539,17.4253902435303,27.4318428039551,8.57558345794678,,False,0,6.20305154890424,False,0.150000005960464,False,False,False,False,False
1.56,159.166213989258,24.5094184875488,12.4566345214844,24.0226516723633,17.4313869476318,27.4402408599854,8.57750988006592,,False,0,6.25917970275512,False,0.200000002980232,False,False,False,False,False
1.58,158.885940551758,24.510871887207,12.4852457046509,23.9731941223145,17.4325084686279,27.4418792724609,8.57793712615967,,False,0,6.32456056673904,False,0.025000000372529,False,False,False,False,False
1.6,159.18815612793,24.5141258239746,12.5430393218994,23.8752288818359,17.4350032806396,27.4455509185791,8.57890796661377,,False,0,6.39569006792491,False,0.0500000007450581,False,False,False,False,False
1.62,159.39176940918,24.5434741973877,12.9066886901855,23.3130493164063,17.4569721221924,27.4786109924316,8.58818435668945,,False,0,6.47048085869306,False,0.300000011920929,False,False,False,False,False
1.64,158.736709594727,24.5644836425781,13.1000070571899,23.0476264953613,4.0672664642334,27.5022583007813,8.59504413604736,,False,0,6.54767869252152,False,0.150000005960464,False,False,False,False,False
1.66,158.578903198242,24.6192607879639,13.5117530822754,22.5459251403809,3.83473873138428,27.5638828277588,8.61323070526123,,False,0,6.62652065638929,False,0.300000011920929,False,False,False,False,False
1.68,157.887542724609,24.6591339111328,13.7686243057251,22.2701892852783,3.74762177467346,27.6087226867676,8.62661361694336,,False,0,6.7065474259275,False,0.174999997019768,False,False,False,False,False
1.7,157.618255615234,24.7263278961182,14.1589488983154,21.896520614624,3.65171790122986,27.6842651367188,8.64932060241699,,False,0,6.78747334315493,False,0.25,False,False,False,False,False
1.72,157.06901550293,24.7488555908203,14.2817573547363,21.7888660430908,3.62761116027832,27.7095890045166,8.65695953369141,,False,0,6.86912191728827,False,0.0750000029802322,False,False,False,False,False
1.74,157.13703918457,24.8143253326416,14.6230802536011,21.511360168457,3.57130527496338,27.783182144165,8.67922878265381,,False,0,6.95138380520103,False,0.200000002980232,False,False,False,False,False
1.76,156.745361328125,24.8500328063965,14.8016729354858,21.3776702880859,3.54687023162842,27.8233127593994,8.69140243530273,,False,0,7.03418633148281,False,0.100000001490116,False,False,False,False,False
1.78,156.707122802734,24.8409194946289,14.7565097808838,21.4107856750488,3.5527720451355,27.8130722045898,8.68829345703125,,False,0,7.11747486605922,False,-0.025000000372529,False,False,False,False,False
1.8,157.113830566406,24.7644844055176,14.3651733398438,21.7181987762451,3.6125066280365,27.7271575927734,8.66226863861084,,False,0,7.2012179887703,False,-0.225000008940697,False,False,False,False,False
1.82,158.21208190918,24.7644844055176,14.3651733398438,21.7181987762451,3.6125066280365,27.7271575927734,8.66226863861084,,False,0,7.28538822151821,False,0,False,False,False,False,False
1.84,158.501266479492,24.7644844055176,14.3651733398438,21.7181987762451,3.6125066280365,27.7271575927734,8.66226863861084,,False,0,7.36996410853343,False,0,False,False,False,False,False
1.86,158.781478881836,24.7644844055176,14.3651733398438,21.7181987762451,3.6125066280365,27.7271575927734,8.66226863861084,,False,0,7.45492890664776,False,0,False,False,False,False,False
1.88,159.053161621094,24.7644844055176,14.3651733398438,21.7181987762451,3.6125066280365,27.7271575927734,8.66226863861084,,False,0,7.54026239535821,False,0,False,False,False,False,False
1.9,159.316665649414,24.7644844055176,14.3651733398438,21.7181987762451,3.6125066280365,27.7271575927734,8.66226863861084,,False,0,7.62595743119711,False,0,False,False,False,False,False
1.92,159.572341918945,24.7644844055176,14.3651733398438,21.7181987762451,3.6125066280365,27.7271575927734,8.66226863861084,,False,0,7.7119968859257,False,0,False,False,False,False,False
1.94,159.820556640625,24.7644844055176,14.3651733398438,21.7181987762451,3.6125066280365,27.7271575927734,8.66226863861084,,False,0,7.79836935962542,False,0,False,False,False,False,False
1.96,160.061569213867,24.7806034088135,14.4498481750488,21.6483974456787,3.59811878204346,27.7452793121338,8.66774940490723,,False,0,7.8850658062125,False,0.0500000007450581,False,False,False,False,False
1.98,160.131546020508,24.7806034088135,14.4498481750488,21.6483974456787,3.59811878204346,27.7452793121338,8.66774940490723,,False,0,7.97207377945982,False,0,False,False,False,False,False
2,160.36018371582,24.8057117462158,14.5792779922485,21.5453014373779,3.57777428627014,27.7734985351563,8.67629432678223,,False,0,8.05938318977899,False,0.0750000029802322,False,False,False,False,False
2.02,160.337936401367,24.8781223297119,14.9392700195313,21.2795543670654,3.52995228767395,27.8548831939697,8.70099067687988,,False,0,8.14698434587459,False,0.200000002980232,False,False,False,False,False
2.04,159.899200439453,25.4548034667969,17.5289306640625,19.982889175415,3.3792142868042,28.5029010772705,8.89911460876465,,False,0,8.2348679371227,False,1.14999997615814,False,False,False,False,False
2.06,156.100662231445,27.0843143463135,25.3287487030029,18.5310497283936,3.44156074523926,20.1126117706299,9.46316337585449,,False,0,8.32302501675139,False,1.89999997615814,False,False,False,False,False
2.08,148.498733520508,28.8437671661377,25.1512145996094,17.9128017425537,3.79176044464111,16.2394485473633,10.0743131637573,,False,0,8.4114469857914,False,1.32500004768372,False,False,False,False,False
2.1,142.107315063477,25.0654773712158,24.4915733337402,17.4532699584961,24.2829360961914,12.3080224990845,11.9092903137207,,False,0,8.50012557776539,False,2.45000004768372,False,False,False,False,False
2.12,126.279273986816,22.1127109527588,24.6750030517578,3.73912739753723,28.3973789215088,10.8515453338623,13.9187469482422,,False,0,8.58905284408449,False,1.60000002384186,False,False,False,False,False
2.14,112.850898742676,19.7725524902344,25.5970821380615,3.39614343643188,31.092716217041,9.69737720489502,18.1946544647217,,False,0,8.67822114012211,False,1.97500002384186,False,False,False,False,False
2.16,93.0587158203125,18.4526042938232,27.2575092315674,3.48797035217285,29.0195751190186,9.04651927947998,25.8635311126709,,False,0,8.76762311193525,False,1.82500004768372,False,False,False,False,False
2.18,74.2098999023438,18.1532211303711,28.0126953125,3.60961508750916,28.5499610900879,8.89893054962158,25.4410743713379,,False,0,8.85725168360435,False,0.600000023841858,False,False,False,False,False
2.2,68.785400390625,17.7044315338135,30.052806854248,21.4235305786133,27.8473148345947,8.65708446502686,24.8066673278809,,False,0,8.94710004516409,False,1.27499997615814,False,False,False,False,False
2.22,57.7052917480469,17.6074390411377,28.6028518676758,22.0212917327881,27.6959800720215,8.6094331741333,24.6690883636475,,False,0,9.03716164109786,False,0.425000011920929,False,False,False,False,False
2.24,54.6655426025391,17.5463447570801,27.5252838134766,22.5630340576172,27.6009616851807,8.57944107055664,24.5821743011475,,False,0,9.12743015937005,False,0.349999994039536,False,False,False,False,False
2.26,52.3434295654297,17.5463447570801,27.5252838134766,22.5630340576172,27.6009616851807,8.57944107055664,24.5821743011475,,False,0,9.21789952097101,False,0,False,False,False,False,False
2.28,52.7446708679199,17.5662364959717,27.8977127075195,22.3641204833984,27.6318626403809,8.58920764923096,24.6105136871338,,False,0,9.30856386995059,False,-0.125,False,False,False,False,False
2.3,54.1215553283691,17.5662364959717,27.8977127075195,22.3641204833984,27.6318626403809,8.58920764923096,24.6105136871338,,False,0,9.39941756391712,False,0,False,False,False,False,False
2.32,54.5202369689941,17.5662364959717,27.8977127075195,22.3641204833984,27.6318626403809,8.58920764923096,24.6105136871338,,False,0,9.4904551649797,False,0,False,False,False,False,False
2.34,54.9140777587891,17.5662364959717,27.8977127075195,22.3641204833984,27.6318626403809,8.58920764923096,24.6105136871338,,False,0,9.58167143111254,False,0,False,False,False,False,False
2.36,55.3031387329102,17.5662364959717,27.8977127075195,22.3641204833984,27.6318626403809,8.58920764923096,24.6105136871338,,False,0,9.67306130792102,False,0,False,False,False,False,False
2.38,55.6874771118164,17.5662364959717,27.8977127075195,22.3641204833984,27.6318626403809,8.58920764923096,24.6105136871338,,False,0,9.76461992079014,False,0,False,False,False,False,False
2.4,56.0671195983887,17.5662364959717,27.8977127075195,22.3641204833984,27.6318626403809,8.58920764923096,24.6105136871338,,False,0,9.85634256739672,False,0,False,False,False,False,False
2.42,56.442138671875,17.5662364959717,27.8977127075195,22.3641204833984,27.6318626403809,8.58920764923096,24.6105136871338,,False,0,9.94822471056789,False,0,False,False,False,False,False
2.44,56.8125991821289,17.5662364959717,27.8977127075195,22.3641204833984,27.6318626403809,8.58920764923096,24.6105136871338,,False,0,10.0402619714688,False,0,False,False,False,False,False
2.46,56.8125991821289,17.5662364959717,27.8977127075195,22.3641204833984,27.6318626403809,8.58920764923096,24.6105136871338,,False,0,10.0402619714688,False,0,False,False,False,False,False
2.48,56.8125991821289,17.5662364959717,27.8977127075195,22.3641204833984,27.6318626403809,8.58920764923096,24.6105136871338,,False,0,10.0402619714688,False,0,False,False,False,False,False
2.5,56.8125991821289,17.5662364959717,27.8977127075195,22.3641204833984,27.6318626403809,8.58920764923096,24.6105136871338,,False,0,10.0402619714688,False,0,False,False,False,False,False
2.52,56.8125991821289,17.5662364959717,27.8977127075195,22.3641204833984,27.6318626403809,8.58920764923096,24.6105136871338,,False,0,10.0402619714688,False,0,False,False,False,False,False
2.54,56.8125991821289,17.5662364959717,27.8977127075195,22.3641204833984,27.6318626403809,8.58920764923096,24.6105136871338,,False,0,10.0402619714688,False,0,False,False,False,False,False
2.56,56.8125991821289,17.5662364959717,27.8977127075195,22.3641204833984,27.6318626403809,8.58920764923096,24.6105136871338,,False,0,10.0402619714688,False,0,False,False,False,False,False
2.58,56.8125991821289,17.5662364959717,27.8977127075195,22.3641204833984,27.6318626403809,8.58920764923096,24.6105136871338,,False,0,10.0402619714688,False,0,False,False,False,False,False
2.6,56.8125991821289,17.5662364959717,27.8977127075195,22.3641204833984,27.6318626403809,8.58920764923096,24.6105136871338,,False,0,10.0402619714688,False,0,False,False,False,False,False
2.62,56.8125991821289,17.5662364959717,27.8977127075195,22.3641204833984,27.6318626403809,8.58920764923096,24.6105136871338,,False,0,10.0402619714688,False,0,False,False,False,False,False
2.64,56.8125991821289,17.5662364959717,27.8977127075195,22.3641204833984,27.6318626403809,8.58920764923096,24.6105136871338,,False,0,10.0402619714688,False,0,False,False,False,False,False
2.66,56.8125991821289,17.5580253601074,27.747142791748,22.4429454803467,27.6191024780273,8.58517456054688,24.598819732666,,False,0,10.0402619714688,False,0.0500000007450581,False,False,False,False,False
2.68,56.399600982666,17.4725494384766,25.6040306091309,23.8482494354248,27.4872856140137,8.54328346252441,24.4762287139893,,False,0,10.0402619714688,False,0.800000011920929,False,False,False,False,False
2.7,50.172435760498,17.4625129699707,24.4820785522461,24.8840274810791,27.4733066558838,8.53846168518066,24.4605350494385,,False,0,10.0402619714688,False,0.5,False,False,False,False,False
2.72,46.6329002380371,3.89998888969421,22.4687080383301,27.7141189575195,27.627368927002,8.58555793762207,24.5905570983887,,False,0,10.0402619714688,False,1.10000002384186,False,False,False,False,False
2.74,39.7130126953125,3.41482830047607,19.8438243865967,31.2358818054199,28.6820735931396,8.91286182403564,25.5153713226318,,False,0,10.0402619714688,False,2.125,False,False,False,False,False
2.76,29.0795745849609,3.40083432197571,19.530309677124,30.7443771362305,27.1578216552734,8.99955463409424,25.7611141204834,,False,0,10.0402619714688,False,0.349999994039536,False,False,False,False,False
2.78,27.5993232727051,3.40423774719238,19.0555877685547,30.0005187988281,23.4913196563721,9.17241382598877,26.2514476776123,,False,0,10.0402619714688,False,0.600000023841858,False,False,False,False,False
2.8,25.2036075592041,3.41050481796265,18.9484882354736,29.8327808380127,22.7335720062256,9.22067260742188,26.3883972167969,,False,0,10.0402619714688,False,0.150000005960464,False,False,False,False,False
2.82,24.6304588317871,3.42066526412964,18.8290920257568,29.6458206176758,21.913703918457,9.27964496612549,26.5557804107666,,False,0,10.0402619714688,False,0.174999997019768,False,False,False,False,False
2.84,23.9739475250244,3.42789793014526,18.7634906768799,29.5431175231934,21.4734439849854,9.31466388702393,26.6551990509033,,False,0,10.0402619714688,False,0.100000001490116,False,False,False,False,False
2.86,23.6044826507568,3.44315767288208,18.653169631958,29.3704414367676,20.7478618621826,9.37832546234131,26.8359336853027,,False,0,10.0402619714688,False,0.174999997019768,False,False,False,False,False
2.88,22.9675388336182,3.48103165626526,18.4629821777344,29.0728893280029,19.5343799591064,9.50484180450439,27.1952114105225,,False,0,10.0402619714688,False,0.325000017881393,False,False,False,False,False
2.9,21.8156833648682,3.49924039840698,18.3947639465332,28.9662113189697,19.1086349487305,9.55648708343506,27.3418865203857,,False,0,10.0402619714688,False,0.125,False,False,False,False,False
2.92,21.3829040527344,3.53316593170166,18.2911548614502,28.8042469024658,18.4692287445068,9.64270877838135,27.5867786407471,,False,0,10.0402619714688,False,0.200000002980232,False,False,False,False,False
2.94,20.701717376709,3.63600969314575,18.082124710083,28.4777526855469,17.1943454742432,9.85367202758789,28.1861457824707,,False,0,10.0402619714688,False,0.450000017881393,False,False,False,False,False
2.96,19.2167625427246,3.84228777885437,17.8698692321777,28.1467895507813,15.8878030776978,10.1462116241455,29.0174999237061,,False,0,10.0402619714688,False,0.550000011920929,False,False,False,False,False
2.98,17.4836006164551,4.02019834518433,17.7808094024658,28.0081748962402,15.3190011978149,10.3081789016724,29.4778823852539,,False,0,10.0402619714688,False,0.275000005960464,False,False,False,False,False
3,16.6475124359131,21.5142421722412,17.6770458221436,27.8470191955566,14.6190891265869,10.5475511550903,29.7829036712646,,False,0,10.0402619714688,False,0.375,False,False,False,False,False
3.02,15.5371503829956,21.7213325500488,17.6411399841309,27.7913761138916,14.3609523773193,10.64967918396,29.2553615570068,,False,0,10.0402619714688,False,0.150000005960464,False,False,False,False,False
3.04,15.1020126342773,21.7213325500488,17.6411399841309,27.7913761138916,14.3609523773193,10.64967918396,29.2553615570068,,False,0,10.0402619714688,False,0,False,False,False,False,False
3.06,15.1020126342773,21.7213325500488,17.6411399841309,27.7913761138916,14.3609523773193,10.64967918396,29.2553615570068,,False,0,10.0402619714688,False,0,False,False,False,False,False
3.08,15.1020126342773,21.7213325500488,17.6411399841309,27.7913761138916,14.3609523773193,10.64967918396,29.2553615570068,,False,0,10.0402619714688,False,0,False,False,False,False,False
3.1,15.1020126342773,21.7213325500488,17.6411399841309,27.7913761138916,14.3609523773193,10.64967918396,29.2553615570068,,False,0,10.0402619714688,False,0,False,False,False,False,False
3.12,15.1020126342773,21.7213325500488,17.6411399841309,27.7913761138916,14.3609523773193,10.64967918396,29.2553615570068,,False,0,10.0402619714688,False,0,False,False,False,False,False
3.14,15.1020126342773,21.7213325500488,17.6411399841309,27.7913761138916,14.3609523773193,10.64967918396,29.2553615570068,,False,0,10.0402619714688,False,0,False,False,False,False,False
3.16,15.1020126342773,21.7213325500488,17.6411399841309,27.7913761138916,14.3609523773193,10.64967918396,29.2553615570068,,False,0,10.0402619714688,False,0,False,False,False,False,False
3.18,15.1020126342773,21.7213325500488,17.6411399841309,27.7913761138916,14.3609523773193,10.64967918396,29.2553615570068,,False,0,10.0402619714688,False,0,False,False,False,False,False
3.2,15.1020126342773,21.7566013336182,17.6354637145996,27.782585144043,14.3190517425537,10.6670703887939,29.1697311401367,,False,0,10.0402619714688,False,0.025000000372529,False,False,False,False,False
3.22,15.0299730300903,21.8637180328369,17.6189556121826,27.7570419311523,14.1952123641968,10.7198972702026,28.9166316986084,,False,0,10.0402619714688,False,0.0750000029802322,False,False,False,False,False
3.24,14.8146467208862,22.1215324401855,17.5834712982178,27.7022190093994,13.9167280197144,10.8470401763916,28.3474178314209,,False,0,10.0402619714688,False,0.174999997019768,False,False,False,False,False
3.26,14.3167848587036,22.3126583099365,17.5607128143311,27.6671371459961,13.7263603210449,10.9412956237793,27.9582767486572,,False,0,10.0402619714688,False,0.125,False,False,False,False,False
3.28,13.9649820327759,22.3126583099365,17.5607128143311,27.6671371459961,13.7263603210449,10.9412956237793,27.9582767486572,,False,0,10.0402619714688,False,0.699999988079071,True,False,False,False,False
3.3,12.058970451355,24.9042549133301,17.438268661499,27.4900321960449,12.00816822052,12.2438564300537,24.3953247070313,,False,0,10.0330144014319,False,0.699999988079071,True,False,False,False,False
3.32,10.230860710144,26.072603225708,17.4500160217285,27.5171966552734,11.5448617935181,12.8476781845093,23.4004936218262,,False,0,10.0255774723165,False,0.5,True,False,False,False,False
3.34,8.97635078430176,26.571891784668,4.17067623138428,27.5316314697266,11.3881950378418,13.1273050308228,23.0240001678467,,False,0,10.0087666207133,False,0.200000002980232,True,False,False,False,False
3.36,8.49517345428467,28.0590553283691,3.70827412605286,27.6322574615479,10.9876728057861,13.9048347473145,22.1459674835205,,False,0,9.98813687651335,False,0.525000035762787,True,False,False,False,False
3.38,7.32870435714722,30.6298713684082,3.43980097770691,27.879753112793,10.4972381591797,15.2375478744507,21.0760936737061,,False,0,10.0550269530511,False,0.75,True,False,False,False,False
3.4,5.53953123092651,31.2884082794189,3.3637809753418,27.9282360076904,10.4168357849121,15.6269121170044,20.8321628570557,,False,0,10.0202933225004,False,0.174999997019768,True,False,False,False,False
3.42,5.14430236816406,32.1533546447754,3.27043533325195,28.0894508361816,10.2297487258911,16.4923057556152,20.369815826416,,False,0,9.98072712790272,False,0.375,True,False,False,False,False
3.44,4.38067865371704,32.103385925293,3.22355556488037,28.0457973480225,10.2606716156006,16.5422744750977,20.3388938903809,,False,0,10.0284317227079,False,0,True,False,False,False,False
3.46,4.40283298492432,32.130443572998,3.17256593704224,27.9649124145508,10.32590675354,16.4863910675049,20.3567962646484,,False,0,9.97914334945484,False,-0.0500000007450581,True,False,False,False,False
3.48,4.64984035491943,32.1535568237305,3.11776494979858,27.8806438446045,10.3950347900391,16.4368858337402,20.3718509674072,,False,0,10.0126773740628,False,-0.0500000007450581,True,False,False,False,False
3.5,4.79943037033081,32.0833549499512,3.05608558654785,27.8197708129883,10.4393281936646,16.5070858001709,20.3275566101074,,False,0,9.9487833986061,False,0,True,False,False,False,False
3.52,4.93462085723877,32.0081787109375,2.99240446090698,27.7545833587646,10.4867610931396,16.5822639465332,20.280122756958,,False,0,9.97268585857009,False,0,True,False,False,False,False
3.54,5.0719165802002,31.9280185699463,2.92713069915771,27.6850757598877,10.5373373031616,16.6624221801758,20.2295475006104,,False,0,9.99194956956207,False,0,True,False,False,False,False
3.56,5.21151494979858,31.8423500061035,2.86030960083008,27.6107921600342,10.5913915634155,16.7480926513672,20.1754913330078,,False,0,10.0065804347351,False,0,True,False,False,False,False
3.58,5.2571439743042,31.7473793029785,2.78972911834717,27.5284423828125,10.6513147354126,16.8430652618408,20.1155681610107,,False,0,9.9225548447371,False,0,True,False,False,False,False
3.6,5.40591955184937,31.6473808288574,2.71935415267944,27.4417324066162,10.7144079208374,16.9430618286133,20.0524749755859,,False,0,9.92302701432818,False,0,True,False,False,False,False
3.62,5.55778884887695,31.5473823547363,2.65302419662476,27.3550224304199,10.7775020599365,17.0430603027344,19.9893817901611,,False,0,9.91887468950741,False,0,True,False,False,False,False
3.64,5.71005964279175,31.4473838806152,2.59078454971313,27.2683124542236,10.8405952453613,17.1430568695068,19.9262886047363,,False,0,9.91502954761235,False,0,True,False,False,False,False
3.66,5.86273050308228,31.3473834991455,2.53272104263306,27.181604385376,10.9036884307861,17.2430534362793,19.8631935119629,,False,0,9.91149194615586,False,0,True,False,False,False,False
3.68,6.01580572128296,31.2473850250244,2.47896409034729,27.0948944091797,10.9667825698853,17.3430519104004,19.8001003265381,,False,0,9.90826221454651,False,0,True,False,False,False,False
3.7,6.16927814483643,31.1473865509033,2.4297022819519,27.0081844329834,11.0298757553101,17.4430484771729,19.7370071411133,,False,0,9.9053406539361,False,0,True,False,False,False,False
3.72,6.32314825057983,31.0473880767822,2.38518619537354,26.9214744567871,11.0929698944092,17.5430450439453,19.6739139556885,,False,0,9.90272753707986,False,0,True,False,False,False,False
3.74,6.4774169921875,30.9473896026611,2.34575128555298,26.8347644805908,11.156063079834,17.6430435180664,19.6108207702637,,False,0,9.90042310820965,False,0,True,False,False,False,False
3.76,6.63208627700806,30.8473892211914,2.3118371963501,26.7480545043945,11.2191562652588,17.7430400848389,19.5477256774902,,False,0,9.89842758292016,False,0,True,False,False,False,False
3.78,6.78714942932129,30.7473907470703,2.28403258323669,26.6613445281982,11.2822561264038,17.8430366516113,19.4846324920654,,False,0,9.89674114806835,False,0,True,False,False,False,False
3.8,6.94261026382446,30.6473922729492,2.26313304901123,26.574634552002,11.3453493118286,17.9430351257324,19.4215393066406,,False,0,9.89536396168604,False,0,True,False,False,False,False
3.82,7.098464012146,30.5473937988281,2.25024843215942,26.4879245758057,11.4084434509277,18.0430316925049,19.3584461212158,,False,0,9.89429615290608,False,0,True,False,False,False,False
3.84,7.25471639633179,30.447395324707,2.24699020385742,26.4012145996094,11.4715366363525,18.1430282592773,19.2953548431396,,False,0,9.89353782190175,False,0,True,False,False,False,False
3.86,7.4113597869873,30.3473949432373,2.25584363937378,26.3145046234131,11.534628868103,18.2430267333984,19.2322540283203,,False,0,9.89308903983989,False,0,True,False,False,False,False
3.88,7.5683970451355,30.2058010101318,2.28881287574768,26.2407341003418,11.5816774368286,18.4065036773682,19.1429843902588,,False,0,9.89294984884747,False,0.025000000372529,True,False,False,False,False
3.9,7.66379165649414,30.1058025360107,2.34151744842529,26.1538619995117,11.6444683074951,18.5065040588379,19.0801944732666,,False,0,9.89305834370229,False,0,True,False,False,False,False
3.92,7.82086229324341,30.005802154541,2.44421148300171,26.0669898986816,11.7072591781616,18.6065044403076,2.4041314125061,,False,0,9.89347410686068,False,0,True,False,False,False,False
3.94,7.97831678390503,29.9058036804199,16.4455184936523,25.9801177978516,11.7700500488281,18.7065048217773,2.19460201263428,,False,0,9.89419709958756,False,0,True,False,False,False,False
3.96,8.13615608215332,29.7650127410889,16.3992977142334,25.9061470031738,11.8165550231934,18.8719158172607,2.04606986045837,,False,0,9.89522725453992,False,0.025000000372529,True,False,False,False,False
3.98,8.23176097869873,29.6650142669678,16.3449096679688,25.81911277771,11.8790445327759,18.9719200134277,1.93819332122803,,False,0,9.89649794383531,False,0,True,False,False,False,False
4,8.38960552215576,29.565013885498,16.2905216217041,25.7320766448975,11.9415340423584,19.0719242095947,1.85213851928711,,False,0,9.89807328177602,False,0,True,False,False,False,False
4.02,8.54782390594482,29.465015411377,16.2361335754395,25.6450424194336,12.0040225982666,19.1719264984131,1.78252696990967,,False,0,9.89995312292964,False,0,True,False,False,False,False
4.04,8.7064208984375,29.3650150299072,16.1817455291748,25.5580062866211,12.0665121078491,19.2719306945801,1.72625136375427,,False,0,9.90213729387373,False,0,True,False,False,False,False
4.06,8.86539268493652,29.2650146484375,16.1273574829102,25.4709720611572,12.1290006637573,19.3719329833984,1.68135499954224,,False,0,9.90462559327559,False,0,True,False,False,False,False
4.08,9.02473640441895,29.1650161743164,16.0729713439941,25.3839359283447,12.1914901733398,19.4719371795654,1.64654517173767,,False,0,9.9074177919849,False,0,True,False,False,False,False
4.1,9.1844539642334,29.0650157928467,16.0185832977295,25.2969017028809,12.2539796829224,19.5719413757324,1.62095212936401,,False,0,9.91051363313893,False,0,True,False,False,False,False
4.12,9.3445463180542,28.965015411377,15.9641952514648,25.2098655700684,12.3164682388306,19.6719436645508,1.60399949550629,,False,0,9.91391283228023,False,0,True,False,False,False,False
4.14,9.50500583648682,28.8650169372559,15.9098072052002,25.1228313446045,12.3789539337158,19.7719478607178,1.59533286094666,,False,0,9.91761507748677,False,0,True,False,False,False,False
4.16,9.66583156585693,28.7650165557861,15.8554191589355,25.035795211792,12.4414434432983,19.8719501495361,1.59477806091309,,False,0,9.92162002951431,False,0,True,False,False,False,False
4.18,9.82703113555908,28.665018081665,15.8010320663452,24.9487609863281,12.5039319992065,19.9719543457031,1.60232400894165,,False,0,9.92592732195086,False,0,True,False,False,False,False
4.2,9.98859214782715,28.5650177001953,15.7466440200806,24.8617248535156,12.5664215087891,20.0719566345215,1.6181218624115,,False,0,9.93053656138308,False,0,True,False,False,False,False
4.22,10.1505222320557,28.4650173187256,15.6922597885132,24.7746887207031,12.6289100646973,20.1719608306885,1.64250004291534,,False,0,9.93544732757442,False,0,True,False,False,False,False
4.24,10.3128147125244,28.3263835906982,15.6459083557129,24.7000789642334,12.6740169525146,20.3428230285645,1.67755079269409,,False,0,9.94065917365493,False,0.025000000372529,True,False,False,False,False
4.26,10.4102325439453,28.0747585296631,15.6245260238647,24.663703918457,12.6674222946167,20.7337398529053,1.72985053062439,,False,0,9.94609000998371,False,0.100000001490116,True,False,False,False,False
4.28,10.3114862442017,27.2736225128174,15.7548408508301,24.8609294891357,12.4075441360474,22.4571495056152,1.84970355033875,,False,0,9.95149468833367,False,0.5,True,False,False,False,False
4.3,9.18197441101074,26.9492816925049,15.7769012451172,24.8820457458496,12.3591356277466,23.2006721496582,1.97769927978516,,False,0,9.95565365379791,False,0.174999997019768,True,False,False,False,False
4.32,8.88083171844482,26.2364101409912,15.9707469940186,25.1671314239502,12.126953125,25.5204257965088,2.31941914558411,,False,0,9.95955755248654,False,0.525000035762787,True,False,False,False,False
4.34,7.70218658447266,25.8238563537598,16.0823917388916,25.3154277801514,12.0275945663452,27.1233425140381,16.4277153015137,,False,0,9.96230121575294,False,0.300000011920929,True,False,False,False,False
4.36,7.08401012420654,25.5774936676025,16.1226921081543,25.3473987579346,12.0025615692139,28.0536060333252,16.2912464141846,,False,0,9.96452286902668,False,0.150000005960464,True,False,False,False,False
4.38,6.83080673217773,25.1388168334961,16.3052539825439,25.5973949432373,11.8836069107056,30.5022773742676,16.0350494384766,,False,0,9.96657593259387,False,0.375,True,False,False,False,False
4.4,6.02799463272095,24.9965343475342,16.2973728179932,25.5447463989258,11.9021453857422,30.6300220489502,15.9694833755493,,False,0,9.96800435475593,False,0.0500000007450581,True,False,False,False,False
4.42,6.00790548324585,24.8345108032227,16.3064079284668,25.5172901153564,11.9104738235474,30.6538257598877,15.891900062561,,False,0,9.96947038614711,False,0.0750000029802322,True,False,False,False,False
4.44,5.92612218856812,24.7345123291016,16.2677364349365,25.4145431518555,11.9481105804443,30.7538261413574,15.8542623519897,,False,0,9.9709216604738,False,0,True,False,False,False,False
4.46,6.02408170700073,24.6345119476318,16.2290630340576,25.3117942810059,11.9857482910156,30.8538246154785,15.8166255950928,,False,0,9.97249978672964,False,0,True,False,False,False,False
4.48,6.12213754653931,24.5345096588135,16.190393447876,25.2090454101563,12.0233850479126,30.9538230895996,15.7789878845215,,False,0,9.97420470470279,False,0,True,False,False,False,False
4.5,6.22028160095215,24.4345111846924,16.1517200469971,25.1062965393066,12.0610227584839,31.0538234710693,15.7413511276245,,False,0,9.97603634938665,False,0,True,False,False,False,False
4.52,6.31851625442505,24.314546585083,16.1291694641113,25.0282917022705,12.0886287689209,31.1283931732178,15.6910009384155,,False,0,9.97799465099213,False,0.025000000372529,True,False,False,False,False
4.54,6.35599708557129,24.1752338409424,16.1231670379639,24.9751491546631,12.1061191558838,31.1779308319092,15.6285276412964,,False,0,9.98002669505469,False,0.0500000007450581,True,False,False,False,False
4.56,6.33204936981201,24.0558776855469,16.1014232635498,24.8968849182129,12.1331434249878,31.2529048919678,15.5792655944824,,False,0,9.98208178240584,False,0.025000000372529,True,False,False,False,False
4.58,6.36770439147949,23.9558773040771,16.0634937286377,24.7933883666992,12.16978931427,31.3529052734375,15.5426197052002,,False,0,9.9842059345871,False,0,True,False,False,False,False
4.6,6.46362972259521,23.8368225097656,16.0419673919678,24.7148952484131,12.1965837478638,31.4279079437256,15.4937534332275,,False,0,9.9864504802338,False,0.025000000372529,True,False,False,False,False
4.62,6.49867391586304,23.6807670593262,16.0539798736572,24.6869220733643,12.2037744522095,31.4538078308105,15.4213485717773,,False,0,9.98876332536205,False,0.0750000029802322,True,False,False,False,False
4.64,6.41127347946167,23.4905452728271,16.1017551422119,24.7117328643799,12.192081451416,31.4336681365967,15.3276386260986,,False,0,9.99103861330727,False,0.125,True,False,False,False,False
4.66,6.20070648193359,23.4440307617188,16.0143413543701,24.5289173126221,12.2547874450684,31.6054210662842,15.3276834487915,,False,0,9.99317203884701,False,-0.0750000029802322,True,False,False,False,False
4.68,6.47348928451538,23.344030380249,15.9775457382202,24.4242897033691,12.2899513244629,31.7054214477539,15.2925157546997,,False,0,9.99556556218453,False,0,True,False,False,False,False
4.7,6.5658130645752,23.2440280914307,15.940749168396,24.3196678161621,12.3251190185547,31.8054218292236,15.2573480606079,,False,0,9.99807041919576,False,0,True,False,False,False,False
4.72,6.6582088470459,23.1440277099609,15.9039535522461,24.2150382995605,12.3602876663208,31.9054222106934,15.2221794128418,,False,0,10.0006884258355,False,0,True,False,False,False,False
4.74,6.72697496414185,23.0440273284912,15.8671588897705,24.1104106903076,12.3954553604126,32.0054244995117,15.18701171875,,False,0,9.90377885174945,False,0,True,False,False,False,False
4.76,6.82041883468628,22.9440269470215,15.8303642272949,24.0057811737061,12.4306221008301,32.1054229736328,15.1518430709839,,False,0,9.90658929610429,False,0,True,False,False,False,False
4.78,6.91393804550171,22.8440265655518,15.793568611145,23.9011535644531,12.4657907485962,32.2054252624512,15.1166753768921,,False,0,9.90951185015431,False,0,True,False,False,False,False
4.8,7.00752687454224,22.7440242767334,15.7567729949951,23.7965259552002,12.500958442688,32.3054237365723,15.0815076828003,,False,0,9.91254641473831,False,0,True,False,False,False,False
4.82,7.10119009017944,22.6440238952637,15.7199764251709,23.6918964385986,12.5361270904541,32.4054260253906,15.0463390350342,,False,0,9.91569288701835,False,0,True,False,False,False,False
4.84,7.19492387771606,22.5440235137939,15.683180809021,23.5872688293457,12.5712947845459,32.505428314209,15.0111713409424,,False,0,9.91895116049691,False,0,True,False,False,False,False
4.86,7.28872537612915,22.4440231323242,15.6463851928711,23.4826412200928,12.6064624786377,32.6054267883301,14.9760026931763,,False,0,9.92232112503481,False,0,True,False,False,False,False
4.88,7.38260316848755,22.3440227508545,15.6095924377441,23.3780117034912,12.6416311264038,32.7054290771484,14.9408349990845,,False,0,9.92580266686947,False,0,True,False,False,False,False
4.9,7.47654724121094,22.2100524902344,15.6058769226074,23.3223114013672,12.6572389602661,32.7555809020996,14.8616218566895,,False,0,9.92939566863394,False,0.0500000007450581,True,False,False,False,False
4.92,7.44685459136963,22.0117282867432,15.6711301803589,23.3673515319824,12.6348581314087,32.710205078125,14.7619953155518,,False,0,9.93297893954891,False,0.150000005960464,True,False,False,False,False
4.94,7.16933727264404,21.7587718963623,15.8139677047729,23.523551940918,12.5786075592041,32.5823211669922,14.6275758743286,,False,0,9.93631882101287,False,0.25,True,False,False,False,False
4.96,6.64470338821411,21.5458431243896,15.931282043457,23.6368503570557,12.5428285598755,32.5127906799316,14.5219402313232,,False,0,9.93920238928599,False,0.200000002980232,True,False,False,False,False
4.98,6.23938322067261,21.3285236358643,16.0780410766602,23.7888984680176,12.5020017623901,32.4352951049805,14.4151649475098,,False,0,9.94175484132621,False,0.225000008940697,True,False,False,False,False
5,5.77113914489746,21.2285213470459,16.0481548309326,23.677360534668,12.5287981033325,32.5352973937988,14.3883695602417,,False,0,9.94394542671841,False,0,True,False,False,False,False
5.02,5.84224605560303,21.1285247802734,16.0182685852051,23.5658283233643,12.5555944442749,32.6352920532227,14.3615732192993,,False,0,9.94620296292901,False,0,True,False,False,False,False
5.04,5.91338157653809,21.0285224914551,15.9883813858032,23.4542846679688,12.5823888778687,32.735294342041,14.3347778320313,,False,0,9.94852740438025,False,0,True,False,False,False,False
5.06,5.98455142974854,20.9285259246826,15.9584941864014,23.3427543640137,12.609185218811,32.8352928161621,14.3079814910889,,False,0,9.95091870418679,False,0,True,False,False,False,False
5.08,6.05574893951416,20.8163661956787,15.9488801956177,23.2605247497559,12.6284999847412,32.9161720275879,14.2730073928833,,False,0,9.95337681416048,False,0.025000000372529,True,False,False,False,False
5.1,6.06637096405029,20.6807441711426,15.9806728363037,23.2374076843262,12.6329755783081,32.9596900939941,14.2224187850952,,False,0,9.95585141511506,False,0.0750000029802322,True,False,False,False,False
5.12,5.95528221130371,20.5691509246826,15.9723253250122,23.1548137664795,12.6515979766846,33.0411643981934,14.1887187957764,,False,0,9.9582507799587,False,0.025000000372529,True,False,False,False,False
5.14,5.96346807479858,20.4464054107666,15.9852161407471,23.1020526885986,12.6629219055176,33.1045341491699,14.1476669311523,,False,0,9.96065745378214,False,0.0500000007450581,True,False,False,False,False
5.16,5.91054725646973,20.3024444580078,16.0416870117188,23.1103534698486,12.6602382659912,33.133186340332,14.0926208496094,,False,0,9.96302939288134,False,0.100000001490116,True,False,False,False,False
5.18,5.73570585250854,20.170768737793,16.0790672302246,23.0890464782715,12.6642599105835,33.1813621520996,14.046799659729,,False,0,9.96527029831149,False,0.0750000029802322,True,False,False,False,False
5.2,5.61909818649292,20.0009441375732,16.2082233428955,22.9053249359131,12.6429004669189,33.1662063598633,13.975546836853,,False,0,9.96742694159264,False,0.174999997019768,True,False,False,False,False
5.22,5.26057386398315,19.827787399292,16.3693771362305,22.3375644683838,12.6173906326294,33.144588470459,13.9035425186157,,False,0,9.96932779522013,False,0.200000002980232,True,False,False,False,False
5.24,4.83967876434326,19.6383228302002,16.6173629760742,21.5975360870361,12.5789546966553,33.0946769714355,13.8221311569214,,False,0,9.97094411298378,False,0.275000005960464,True,False,False,False,False
5.26,4.23775100708008,19.4811305999756,16.805362701416,21.1032238006592,12.5587968826294,33.098072052002,13.7652883529663,,False,0,9.97218785204715,False,0.200000002980232,True,False,False,False,False
5.28,3.81008911132813,19.3487319946289,16.9219455718994,20.8174209594727,12.5530347824097,33.1429061889648,13.7272100448608,,False,0,9.97319449879214,False,0.125,True,False,False,False,False
5.3,3.55623841285706,19.2076301574707,17.101053237915,20.4231224060059,12.5401039123535,33.1723518371582,13.6842403411865,,False,0,9.974074105872,False,0.174999997019768,True,False,False,False,False
5.32,3.18224477767944,19.0967998504639,17.1424903869629,20.3287296295166,12.545916557312,33.2536087036133,13.6636199951172,,False,0,9.97478088830815,False,0.0500000007450581,True,False,False,False,False
5.34,3.09897518157959,18.9813404083252,17.2146339416504,20.1785640716553,12.5480632781982,33.3266372680664,13.640230178833,,False,0,9.97545118191002,False,0.0750000029802322,True,False,False,False,False
5.36,2.95581936836243,18.8621349334717,17.3193531036377,19.9757518768311,12.5468702316284,33.3928489685059,13.6148929595947,,False,0,9.97606226811586,False,0.100000001490116,True,False,False,False,False
5.38,2.75236582756042,18.7362327575684,17.4905776977539,19.6716899871826,12.5399837493896,6.77942180633545,13.5858116149902,,False,0,9.97659436666358,False,0.150000005960464,True,False,False,False,False
5.4,2.42965149879456,18.6037006378174,17.769172668457,19.2289505004883,12.5268335342407,6.62553787231445,13.5535564422607,,False,0,9.9770092750778,False,0.225000008940697,True,False,False,False,False
5.42,1.92867231369019,18.4861621856689,17.9622402191162,18.951000213623,12.522087097168,6.61546325683594,13.5336961746216,,False,0,9.97726869529,False,0.150000005960464,True,False,False,False,False
5.44,1.59860062599182,18.3678569793701,18.2368431091309,18.5921573638916,12.5151748657227,6.60421180725098,13.5147981643677,,False,0,9.9774488145815,False,0.200000002980232,True,False,False,False,False
5.46,1.148881316185,18.2641849517822,18.303430557251,18.5101566314697,12.5172071456909,6.68092918395996,13.5075578689575,,False,0,9.9775414882139,False,0.0500000007450581,True,False,False,False,False
5.48,1.04449987411499,18.1641864776611,18.2975177764893,18.5166110992432,12.5215711593628,6.78092908859253,13.5031938552856,,False,0,9.97761898732466,False,0,True,False,False,False,False
5.5,1.05549919605255,18.0641899108887,18.2916030883789,18.5230655670166,12.525936126709,6.88092947006226,13.4988298416138,,False,0,9.97769821316961,False,0,True,False,False,False,False
5.52,1.06649899482727,17.9641914367676,18.2856903076172,18.5295181274414,12.5302991867065,6.98093128204346,13.4944648742676,,False,0,9.97777916570763,False,0,True,False,False,False,False
5.54,1.07749843597412,17.8641929626465,18.2797756195068,18.5359725952148,12.5346632003784,7.08093118667603,13.4901008605957,,False,0,9.97786184489667,False,0,True,False,False,False,False
5.56,1.08849811553955,17.7641944885254,18.2738609313965,18.5424270629883,12.5390281677246,7.18092393875122,13.4857368469238,,False,0,9.97794625069383,False,0,True,False,False,False,False
5.58,1.09949767589569,17.6641960144043,18.2679481506348,18.5488815307617,12.5433921813965,7.28092241287231,13.4813718795776,,False,0,9.97803238305529,False,0,True,False,False,False,False
5.6,1.1104975938797,17.5641975402832,18.2620334625244,18.5553340911865,12.5477561950684,7.38092756271362,13.4770078659058,,False,0,9.97812024193632,False,0,True,False,False,False,False
5.62,1.12149775028229,17.4641990661621,18.2561206817627,18.56178855896,12.5521211624146,7.4809193611145,13.4726448059082,,False,0,9.97820982729133,False,0,True,False,False,False,False
5.64,1.13249814510345,17.364200592041,18.2502059936523,18.5682430267334,12.5564851760864,7.58092451095581,13.468279838562,,False,0,9.97830113907382,False,0,True,False,False,False,False
5.66,1.14349818229675,17.2642021179199,18.244291305542,18.5746955871582,12.5608501434326,7.68093013763428,13.4639158248901,,False,0,9.97839417723639,False,0,True,False,False,False,False
5.68,1.15449869632721,17.1642036437988,18.2383785247803,18.5811500549316,12.5652132034302,7.78091764450073,13.4595508575439,,False,0,9.97848894173074,False,0,True,False,False,False,False
5.7,1.16549897193909,17.0642070770264,18.2324638366699,18.5876045227051,12.5695772171021,7.8809232711792,13.4551868438721,,False,0,9.97858543250771,False,0,True,False,False,False,False
5.72,1.17649948596954,16.9642086029053,18.2265510559082,18.5940589904785,12.5739421844482,7.98092174530029,13.4508228302002,,False,0,9.9786836495172,False,0,True,False,False,False,False
5.74,1.18750023841858,16.8642101287842,18.2206363677979,18.6005115509033,12.5783061981201,8.08092308044434,13.446457862854,,False,0,9.97878359270825,False,0,True,False,False,False,False
5.76,1.19850087165833,16.7642116546631,18.2147235870361,18.6069660186768,12.582670211792,8.18091487884521,13.4420938491821,,False,0,9.97888526202899,False,0,True,False,False,False,False
5.78,1.20950186252594,16.664213180542,18.2088088989258,18.6134204864502,12.5870351791382,8.28092002868652,13.4377298355103,,False,0,9.97898865742666,False,0,True,False,False,False,False
5.8,1.22050285339355,16.5642147064209,18.2028942108154,18.619873046875,12.5914011001587,8.3809289932251,13.4333648681641,,False,0,9.97909377884761,False,0,True,False,False,False,False
5.82,1.23150396347046,16.4642162322998,18.1969814300537,18.6263275146484,12.5957660675049,8.48091316223145,13.4290008544922,,False,0,9.97920062623729,False,0,True,False,False,False,False
5.84,1.24250471591949,16.3642177581787,18.1910667419434,18.6327819824219,12.6001300811768,8.58092212677002,13.4246377944946,,False,0,9.97930919954027,False,0,True,False,False,False,False
5.86,1.25350618362427,16.2642192840576,18.1851539611816,18.6392345428467,12.6044940948486,8.68091678619385,13.4202728271484,,False,0,9.97941949870021,False,0,True,False,False,False,False
5.88,1.26450753211975,16.1642189025879,18.1792392730713,18.6456890106201,12.6088581085205,8.78091144561768,13.4159088134766,,False,0,9.97953152365988,False,0,True,False,False,False,False
5.9,1.27550888061523,16.0642223358154,18.1733245849609,18.6521434783936,12.6132221221924,8.88090991973877,13.4115447998047,,False,0,9.97964527436118,False,0,True,False,False,False,False
5.92,1.28651070594788,15.9642238616943,18.1674118041992,18.658597946167,12.6175861358643,8.98091888427734,13.4071798324585,,False,0,9.97976075074508,False,0,True,False,False,False,False
5.94,1.29751181602478,15.8642253875732,18.1614971160889,18.6650505065918,12.6219511032104,9.08092403411865,13.4028158187866,,False,0,9.97987795275169,False,0,True,False,False,False,False
5.96,1.30851364135742,15.7642278671265,18.1555843353271,18.6715049743652,12.6263151168823,9.18091201782227,13.3984508514404,,False,0,9.9799968803202,False,0,True,False,False,False,False
5.98,1.31951558589935,15.6642293930054,18.1496696472168,18.6779594421387,12.6306791305542,9.28091716766357,13.3940868377686,,False,0,9.98011753338893,False,0,True,False,False,False,False
6,1.33051741123199,15.5642309188843,18.1437549591064,18.6844120025635,12.6350440979004,9.3809118270874,13.3897228240967,,False,0,9.98023991189531,False,0,True,False,False,False,False
6.02,1.34151947498322,15.4642324447632,18.1378421783447,18.6908664703369,12.6394081115723,9.4809103012085,13.3853588104248,,False,0,9.98036401577586,False,0,True,False,False,False,False
6.04,1.35252141952515,15.3642339706421,18.1319274902344,18.6973209381104,12.6437721252441,9.58090877532959,13.3809947967529,,False,0,9.98048984496621,False,0,True,False,False,False,False
6.06,1.36352407932281,15.2642364501953,18.1260147094727,18.7037754058838,12.6481370925903,9.68091773986816,13.3766307830811,,False,0,9.98061739940111,False,0,True,False,False,False,False
6.08,1.37452614307404,15.1642379760742,18.1201000213623,18.7102279663086,12.6525011062622,9.78091239929199,13.3722658157349,,False,0,9.98074667901442,False,0,True,False,False,False,False
6.1,1.38552844524384,15.0642395019531,18.1141910552979,18.7166767120361,12.6568660736084,9.88090705871582,13.367901802063,,False,0,9.9808776837391,False,0,True,False,False,False,False
6.12,1.39653098583221,14.9642429351807,18.1082763671875,18.7231311798096,12.6612300872803,9.98091220855713,13.3635368347168,,False,0,9.98101041350722,False,0,True,False,False,False,False
6.14,1.40753364562988,14.8642444610596,18.1023635864258,18.7295837402344,12.6655941009521,10.0809106826782,13.3591728210449,,False,0,9.98114486824995,False,0,True,False,False,False,False
6.16,1.41853630542755,14.7642459869385,18.0964488983154,18.7360382080078,12.6699590682983,10.1809091567993,13.354808807373,,False,0,9.9812810478976,False,0,True,False,False,False,False
6.18,1.42953872680664,14.6642475128174,18.0905361175537,18.7424926757813,12.6743230819702,10.2809038162231,13.3504447937012,,False,0,9.98141895237956,False,0,True,False,False,False,False
6.2,1.4405415058136,14.5642490386963,18.0846214294434,18.7489471435547,12.6786870956421,10.380913734436,13.3460817337036,,False,0,9.98155858162434,False,0,True,False,False,False,False
6.22,1.45154428482056,14.4642505645752,18.078706741333,18.7553997039795,12.6830520629883,10.480917930603,13.3417177200317,,False,0,9.98169993555956,False,0,True,False,False,False,False
6.24,1.46254742145538,14.3642520904541,18.0727939605713,18.7618541717529,12.6874151229858,10.5809106826782,13.3373527526855,,False,0,9.98184301411195,False,0,True,False,False,False,False
6.26,1.47355043888092,14.2642545700073,18.0668792724609,18.7683086395264,12.6917791366577,10.6809148788452,13.3329887390137,,False,0,9.98198781720735,False,0,True,False,False,False,False
6.28,1.48455345630646,14.1642560958862,18.0609664916992,18.7747611999512,12.6961441040039,10.7809057235718,13.3286237716675,,False,0,9.9821343447707,False,0,True,False,False,False,False
6.3,1.49555659294128,14.0642576217651,18.0550518035889,18.7812156677246,12.7005081176758,10.8809108734131,13.3242588043213,,False,0,9.98228259672608,False,0,True,False,False,False,False
6.32,1.5065598487854,13.9617099761963,18.1221256256104,18.6984214782715,12.7023105621338,10.9459199905396,13.3177471160889,,False,0,9.98243257299664,False,0.0500000007450581,True,False,False,False,False
6.34,1.40090823173523,13.8584213256836,18.2279872894287,18.5725269317627,12.7028503417969,10.9998483657837,13.3110761642456,,False,0,9.98255921746388,False,0.0750000029802322,True,False,False,False,False
6.36,1.23584675788879,13.7565698623657,18.2988224029541,18.4909572601318,12.7041635513306,11.0730390548706,13.3062953948975,,False,0,9.98265517417286,False,0.0500000007450581,True,False,False,False,False
6.38,1.12739098072052,13.6557531356812,18.3329410552979,18.4523258209229,12.706109046936,11.1606664657593,13.3028020858765,,False,0,9.98273052618292,False,0.025000000372529,True,False,False,False,False
6.4,1.07607352733612,13.5550012588501,18.367582321167,18.4136486053467,12.7079019546509,11.2489213943481,13.2995853424072,,False,0,9.98279958741234,False,0.025000000372529,True,False,False,False,False
6.42,1.02418673038483,13.4549989700317,18.3642673492432,18.4171276092529,12.7103023529053,11.3489284515381,13.2971858978271,,False,0,9.98285838638493,False,0,True,False,False,False,False
6.44,1.02998435497284,13.354998588562,18.360954284668,18.4206047058105,12.7127017974854,11.4489364624023,13.2947854995728,,False,0,9.98291766535373,False,0,True,False,False,False,False
6.46,1.03578162193298,13.2549982070923,18.3576393127441,18.3060131072998,12.7151021957397,11.5489416122437,13.2923851013184,,False,0,9.9829774243102,False,0,True,False,False,False,False
6.48,1.041579246521,13.1549978256226,18.3543243408203,18.1679058074951,12.7175025939941,11.6489343643188,13.289984703064,,False,0,9.9830376632457,False,0,True,False,False,False,False
6.5,1.04737687110901,13.0549974441528,18.3510093688965,18.0297985076904,12.7199029922485,11.7489309310913,13.2875843048096,,False,0,9.98309838215156,False,0,True,False,False,False,False
6.52,1.05317425727844,12.9549961090088,18.3476943969727,17.8916912078857,12.7223024368286,11.848931312561,13.2851839065552,,False,0,9.98315958101901,False,0,True,False,False,False,False
6.54,1.05897164344788,12.8549957275391,18.3443794250488,17.7535858154297,12.724702835083,11.9489393234253,13.2827835083008,,False,0,9.98322125983923,False,0,True,False,False,False,False
6.56,1.06476902961731,12.7549953460693,18.341064453125,17.615478515625,12.7271032333374,12.0489406585693,13.2803840637207,,False,0,9.98328341860332,False,0,True,False,False,False,False
6.58,1.07056653499603,12.6549949645996,18.3369941711426,17.4773712158203,12.7295036315918,12.1489381790161,13.2779836654663,,False,0,9.98334605730232,False,0,True,False,False,False,False
6.6,1.07636404037476,12.5549945831299,18.1920948028564,17.3392639160156,12.7319030761719,12.2489414215088,13.2755832672119,,False,0,9.9834091759272,False,0,True,False,False,False,False
6.62,1.08216178417206,12.4549932479858,18.0471954345703,17.2011566162109,12.7343034744263,12.348934173584,13.2731838226318,,False,0,9.98347277446884,False,0,True,False,False,False,False
6.64,1.0879590511322,12.3549928665161,17.9022941589355,17.0630493164063,12.7367038726807,12.4489364624023,13.2707843780518,,False,0,9.98353685291809,False,0,True,False,False,False,False
6.66,1.09375667572021,12.2549924850464,17.7573947906494,16.9249420166016,12.7391033172607,12.5489501953125,13.2683839797974,,False,0,9.98360141126569,False,0,True,False,False,False,False
6.68,1.09955418109894,12.1549921035767,17.6124935150146,16.7868347167969,12.7415037155151,12.6489429473877,13.265983581543,,False,0,9.98366644950235,False,0,True,False,False,False,False
6.7,1.10535168647766,12.0549917221069,17.4675941467285,16.6487274169922,12.7439031600952,12.7489500045776,13.2635831832886,,False,0,9.98373196761867,False,0,True,False,False,False,False
6.72,1.11114954948425,11.9549903869629,17.3226947784424,16.5106201171875,12.7463035583496,12.848949432373,13.2611837387085,,False,0,9.98379796560522,False,0,True,False,False,False,False
6.74,1.11694717407227,11.8549900054932,17.1777935028076,16.3725128173828,12.7487030029297,12.9489364624023,13.2587833404541,,False,0,9.98386444345247,False,0,True,False,False,False,False
6.76,1.1227445602417,11.7549896240234,17.0328941345215,16.2344055175781,12.7511034011841,13.048942565918,13.2563819885254,,False,0,9.98393140115085,False,0,True,False,False,False,False
6.78,1.12854242324829,11.6549892425537,16.8879928588867,16.0962982177734,12.7535037994385,13.1489391326904,13.2539825439453,,False,0,9.98399883869069,False,0,True,False,False,False,False
6.8,1.13433969020844,11.5549898147583,16.7430934906006,15.9581899642944,12.7559022903442,13.2489452362061,13.2515830993652,,False,0,9.98406675606227,False,0,True,False,False,False,False
6.82,1.14013731479645,11.4549884796143,16.5981941223145,15.8200826644897,12.7583026885986,13.3489475250244,13.2491827011108,,False,0,9.98413515325581,False,0,True,False,False,False,False
6.84,1.14593505859375,11.3549880981445,16.4532928466797,15.6819753646851,12.760703086853,13.44895362854,13.2467842102051,,False,0,9.98420403026144,False,0,True,False,False,False,False
6.86,1.15173256397247,11.2549877166748,16.3083934783936,15.5438680648804,12.7631034851074,13.5489463806152,13.244384765625,,False,0,9.98427338706922,False,0,True,False,False,False,False
6.88,1.15754020214081,11.1549873352051,16.1634922027588,15.4057607650757,12.7655029296875,13.6489419937134,13.2419843673706,,False,0,9.98434329924282,False,0,True,False,False,False,False
6.9,1.16334819793701,11.0549869537354,16.0185928344727,15.267653465271,12.7679033279419,13.7489423751831,13.2395839691162,,False,0,9.98441369287206,False,0,True,False,False,False,False
6.92,1.16915595531464,10.9549856185913,15.8736925125122,15.1295461654663,12.7703037261963,13.8489551544189,13.2371835708618,,False,0,9.98448456794677,False,0,True,False,False,False,False
6.94,1.17495346069336,10.8549852371216,15.7287921905518,14.9914388656616,12.7727041244507,13.9489507675171,13.2347841262817,,False,0,9.98455584637059,False,0,True,False,False,False,False
6.96,1.18075120449066,10.7549839019775,15.5838928222656,14.8533315658569,12.7751035690308,14.0489635467529,13.2323846817017,,False,0,9.98462760454585,False,0,True,False,False,False,False
6.98,1.186558842659,10.6549835205078,15.4389925003052,14.7152242660522,12.7775039672852,14.1489572525024,13.2299842834473,,False,0,9.98469992222027,False,0,True,False,False,False,False
7,1.19236636161804,10.5549831390381,15.2940921783447,14.5771169662476,12.7799043655396,14.2489566802979,13.2275829315186,,False,0,9.98477272129879,False,0,True,False,False,False,False
7.02,1.19816434383392,10.454981803894,15.1491918563843,14.4390106201172,12.7823038101196,14.3489599227905,13.2251825332642,,False,0,9.9848459203379,False,0,True,False,False,False,False
7.04,1.20396184921265,10.3549814224243,15.0042915344238,14.3009033203125,12.784704208374,14.4489450454712,13.2227830886841,,False,0,9.98491959908661,False,0,True,False,False,False,False
7.06,1.20976948738098,10.2549810409546,14.8593921661377,14.1627960205078,12.7871017456055,14.5489530563354,13.2203826904297,,False,0,9.98499384063914,False,0,True,False,False,False,False
7.08,1.21907556056976,10.1549806594849,14.7144918441772,14.0246887207031,12.7895011901855,14.6489591598511,13.2179832458496,,False,0,9.925436486854,False,0,True,False,False,False,False
7.1,1.2304470539093,10.0549802780151,14.5695915222168,13.8865814208984,12.7919006347656,14.7489547729492,13.2155828475952,,False,0,9.83360860189552,False,0,True,False,False,False,False
7.12,1.24243700504303,9.95497894287109,14.4246912002563,13.7484741210938,12.7943000793457,14.8489475250244,13.2131824493408,,False,0,9.73532599631504,False,0,True,False,False,False,False
7.14,1.25475549697876,9.85497856140137,14.2797908782959,13.6103668212891,12.7967014312744,14.9489555358887,13.2107830047607,,False,0,9.63575260580042,False,0,True,False,False,False,False
7.16,1.26734840869904,9.75497817993164,14.1348915100098,13.4722595214844,12.7991008758545,15.0489559173584,13.2083826065063,,False,0,9.53592583688346,False,0,True,False,False,False,False
7.18,1.28021192550659,9.65497779846191,13.9899911880493,13.3341522216797,12.8015012741089,15.148964881897,13.2059812545776,,False,0,9.43605169818417,False,0,True,False,False,False,False
7.2,1.29335188865662,9.55497741699219,13.8450908660889,13.196044921875,12.8039016723633,15.2489500045776,13.2035808563232,,False,0,9.33616458389517,False,0,True,False,False,False,False
7.22,1.30677688121796,9.45497608184814,13.7001905441284,13.0579376220703,12.8063020706177,15.3489503860474,13.2011814117432,,False,0,9.23627982235798,False,0,True,False,False,False,False
7.24,1.32050693035126,9.35497570037842,13.555290222168,12.9198303222656,12.8087015151978,15.4489574432373,13.1987810134888,,False,0,9.13639758980528,False,0,True,False,False,False,False
7.26,1.33454096317291,9.25497627258301,13.4103908538818,12.7817230224609,12.8111019134521,15.5489597320557,13.1963806152344,,False,0,9.03651787178829,False,0,True,False,False,False,False
7.28,1.34888958930969,9.15497589111328,13.2654905319214,12.6436157226563,12.8135023117065,15.6489582061768,13.1939811706543,,False,0,8.93664075261778,False,0,True,False,False,False,False
7.3,1.36356270313263,9.05497550964355,13.1205902099609,12.5055084228516,12.8159017562866,15.7489671707153,13.1915807723999,,False,0,8.83676632041304,False,0,True,False,False,False,False
7.32,1.37857222557068,8.95497417449951,12.9756898880005,12.3674011230469,12.818302154541,15.8489675521851,13.1891803741455,,False,0,8.73689466732085,False,0,True,False,False,False,False
7.34,1.39394152164459,8.85497379302979,12.83078956604,12.2292938232422,12.8207025527954,15.948974609375,13.1867799758911,,False,0,8.63702599939806,False,0,True,False,False,False,False
7.36,1.40967094898224,8.75497341156006,12.6858901977539,12.0911865234375,12.8231019973755,16.0489749908447,13.1843814849854,,False,0,8.53716031243913,False,0,True,False,False,False,False
7.38,1.42577290534973,8.65497303009033,12.5409898757935,11.9530792236328,12.8255014419556,16.1489715576172,13.181981086731,,False,0,8.43730152528108,False,0,True,False,False,False,False
7.4,1.44226205348969,8.55497264862061,12.396089553833,11.8149719238281,12.8279027938843,16.2489700317383,13.1795797348022,,False,0,8.33744212279701,False,0,True,False,False,False,False
7.42,1.45915174484253,8.45497131347656,12.2511892318726,11.6768646240234,12.8303022384644,16.3489627838135,13.1771812438965,,False,0,8.23758603433486,False,0,True,False,False,False,False
7.44,1.47646939754486,8.35497093200684,12.1062889099121,11.5387573242188,12.8327016830444,16.4489631652832,13.1747808456421,,False,0,8.13773350342928,False,0,True,False,False,False,False
7.46,1.49421846866608,8.25496959686279,11.961389541626,11.4006500244141,12.8350992202759,16.5489635467529,13.1723804473877,,False,0,8.03788454170789,False,0,True,False,False,False,False
7.48,1.51241540908813,8.15496921539307,11.8164892196655,11.2625427246094,12.8374996185303,16.6489658355713,13.1699800491333,,False,0,7.93803928385506,False,0,True,False,False,False,False
7.5,1.53107666969299,8.05496883392334,11.6715888977051,11.1244354248047,12.8399000167847,16.7489643096924,13.1675806045532,,False,0,7.83819787141432,False,0,True,False,False,False,False
7.52,1.55022060871124,7.95496797561646,11.5266895294189,10.9863290786743,12.8422994613647,16.8489723205566,13.1651802062988,,False,0,7.73836045322658,False,0,True,False,False,False,False
7.54,1.56987977027893,7.85496711730957,11.3817892074585,10.8482217788696,12.8446998596191,16.9489727020264,13.1627798080444,,False,0,7.63852732089954,False,0,True,False,False,False,False
7.56,1.59006106853485,7.75496673583984,11.236888885498,10.7101144790649,12.8471002578735,17.0489654541016,13.16037940979,,False,0,7.53869851015862,False,0,True,False,False,False,False
7.58,1.61078524589539,7.65496635437012,11.0919895172119,10.5720071792603,12.8495006561279,17.1489734649658,13.1579818725586,,False,0,7.4388741949915,False,0,True,False,False,False,False
7.6,1.63207519054413,7.55496549606323,10.9470891952515,10.4338998794556,12.851900100708,17.2489738464355,13.1555814743042,,False,0,7.33905455884043,False,0,True,False,False,False,False
7.62,1.65395367145538,7.45496511459351,10.802188873291,10.2957925796509,12.8543004989624,17.3489608764648,13.1531810760498,,False,0,7.23923979525851,False,0,True,False,False,False,False
7.64,1.67644560337067,7.35496425628662,10.6572885513306,10.1576852798462,12.8567008972168,17.4489765167236,13.150782585144,,False,0,7.13943010861232,False,0,True,False,False,False,False
7.66,1.69959211349487,7.25496387481689,10.5123882293701,10.0195779800415,12.8591003417969,17.5489768981934,13.1483821868896,,False,0,7.03962586850424,False,0,True,False,False,False,False
7.68,1.72340631484985,7.15496349334717,10.367488861084,9.88146209716797,12.8615007400513,17.6489753723145,13.1459817886353,,False,0,6.93982715648503,False,0,True,False,False,False,False
7.7,1.74791741371155,7.05496263504028,10.2225885391235,9.74335479736328,12.8639011383057,17.7489776611328,13.1435823440552,,False,0,6.8400342145244,False,0,True,False,False,False,False
7.72,1.77315747737885,6.95496225357056,10.0776882171631,9.60524749755859,12.8663015365601,17.8489875793457,13.1411819458008,,False,0,6.74024729891087,False,0,True,False,False,False,False
7.74,1.79915809631348,6.85496139526367,9.93278789520264,9.46714019775391,12.8687000274658,17.9489727020264,13.1387815475464,,False,0,6.64046668131764,False,0,True,False,False,False,False
7.76,1.82595467567444,6.75496101379395,9.78788661956787,9.32903289794922,12.8711004257202,18.0489807128906,13.136381149292,,False,0,6.54069264998195,False,0,True,False,False,False,False
7.78,1.85360109806061,6.65496063232422,9.64298725128174,9.19092559814453,12.8735008239746,18.1489810943604,13.1339817047119,,False,0,6.4409256867834,False,0,True,False,False,False,False
7.8,1.88212037086487,6.55495977401733,9.49808692932129,9.05281829833984,12.875901222229,18.2489814758301,13.1315822601318,,False,0,6.34116594942851,False,0,True,False,False,False,False
7.82,1.91155421733856,6.45495939254761,9.35318660736084,8.91471099853516,12.8783006668091,18.3489799499512,13.1291818618774,,False,0,6.24141378440256,False,0,True,False,False,False,False
7.84,1.94194912910461,6.35495948791504,9.20828628540039,8.77660369873047,12.8807010650635,18.4489822387695,13.126781463623,,False,0,6.14166956067046,False,0,True,False,False,False,False
7.86,1.9733510017395,6.25495910644531,9.06338596343994,8.63849544525146,12.8831005096436,18.5489807128906,13.124382019043,,False,0,6.04193367153347,False,0,True,False,False,False,False
7.88,2.0058286190033,6.15495872497559,8.91848659515381,8.50038814544678,12.8855009078979,18.648983001709,13.1219816207886,,False,0,5.94220673433725,False,0,True,False,False,False,False
7.9,2.03942012786865,6.0549578666687,8.77358627319336,8.36228179931641,12.8879013061523,18.7489757537842,13.1195812225342,,False,0,5.84248900934032,False,0,True,False,False,False,False
7.92,2.07418322563171,5.95495748519897,8.62868499755859,8.22417449951172,12.8903017044067,18.8489837646484,13.1171817779541,,False,0,5.74278097642592,False,0,True,False,False,False,False
7.94,2.1101815700531,5.85495662689209,8.48378467559814,8.08606719970703,12.8926973342896,18.9489784240723,13.1147813796997,,False,0,5.64308314933999,False,0,True,False,False,False,False
7.96,2.14747977256775,5.75495624542236,8.33888626098633,7.94795989990234,12.8950977325439,19.0489768981934,13.1123809814453,,False,0,5.54339607873915,False,0,True,False,False,False,False
7.98,2.18615198135376,5.65495491027832,8.19398593902588,7.80985260009766,12.8974981307983,19.1489810943604,13.109977722168,,False,0,5.44372035555257,False,0,True,False,False,False,False
8,2.22629332542419,5.55495405197144,8.04908561706543,7.67174577713013,12.8998985290527,19.2489795684814,13.1075773239136,,False,0,5.34405684403728,False,0,True,False,False,False,False
8.02,2.26796913146973,5.45495367050171,7.90418529510498,7.53363847732544,12.9022979736328,19.3489818572998,13.1051778793335,,False,0,5.24440600995872,False,0,True,False,False,False,False
8.04,2.31126809120178,5.35495281219482,7.75928544998169,7.39553117752075,12.9046983718872,19.4489803314209,13.1027774810791,,False,0,5.14476858998136,False,0,True,False,False,False,False
8.059999,2.35628724098206,5.25495338439941,7.61438512802124,7.25742387771606,12.9070987701416,19.5489883422852,13.1003770828247,,False,0,5.04514537885671,False,0,True,False,False,False,False
8.08,2.40313196182251,5.15495300292969,7.46948528289795,7.11931657791138,12.9094982147217,19.6489810943604,13.0979776382446,,False,0,4.94553723525637,False,0,True,False,False,False,False
8.099999,2.45191431045532,5.0549521446228,7.3245849609375,6.98121166229248,12.9118986129761,19.7489891052246,13.0955772399902,,False,0,4.84594508831636,False,0,True,False,False,False,False
8.12,2.50277972221375,4.95495176315308,7.17968368530273,6.84310340881348,12.9142990112305,19.848991394043,13.0931768417358,,False,0,4.74637021391365,False,0,True,False,False,False,False
8.139999,2.55584001541138,4.85495090484619,7.03478336334229,6.70499610900879,12.9166994094849,19.9489936828613,13.0907764434814,,False,0,4.64681345140968,False,0,True,False,False,False,False
8.16,2.61124038696289,4.75495052337646,6.88988208770752,6.5668888092041,12.9190988540649,20.0489921569824,13.0883769989014,,False,0,4.5472759904148,False,0,True,False,False,False,False
8.179999,2.66913914680481,4.65495014190674,6.74498176574707,6.42878246307373,12.9214992523193,20.1489849090576,13.085976600647,,False,0,4.44775912678908,False,0,True,False,False,False,False
8.2,2.72971034049988,4.55494928359985,6.60008192062378,6.29067516326904,12.9238996505737,20.2489891052246,13.0835762023926,,False,0,4.34826427474092,False,0,True,False,False,False,False
8.22,2.79314064979553,4.45494890213013,6.45518159866333,6.15256834030151,12.9263000488281,20.3489856719971,13.0811767578125,,False,0,4.24879298062079,False,0,True,False,False,False,False
8.24,2.85966420173645,4.35494709014893,6.31028175354004,6.01446104049683,12.9286994934082,20.4489936828613,13.0787763595581,,False,0,4.1493472585772,False,0,True,False,False,False,False
8.26,2.92948365211487,4.2549467086792,6.16538143157959,5.87635374069214,12.9310998916626,20.5489959716797,13.0763759613037,,False,0,4.04992866881411,False,0,True,False,False,False,False
8.28,3.00285196304321,4.15494632720947,6.0204815864563,5.73824644088745,12.933500289917,20.6489944458008,13.0739755630493,,False,0,3.95053925975318,False,0,True,False,False,False,False
8.3,3.08004522323608,4.0549464225769,5.87558126449585,5.60013914108276,12.9358997344971,20.7490005493164,13.0715761184692,,False,0,3.85118129063989,False,0,True,False,False,False,False
8.32,3.16137027740479,3.9549458026886,5.73068141937256,5.46203184127808,12.9383001327515,20.8490009307861,13.0691757202148,,False,0,3.75185725928379,False,0,True,False,False,False,False
8.34,3.24716854095459,3.85494518280029,5.58578157424927,5.32392454147339,12.9407005310059,20.9490032196045,13.0667753219604,,False,0,3.65256993428575,False,0,True,False,False,False,False
8.36,3.33781862258911,3.75494456291199,5.44088220596313,5.18581771850586,12.9431009292603,21.0490016937256,13.0643749237061,,False,0,3.55332239260911,False,0,True,False,False,False,False
8.38,3.43377280235291,3.65494346618652,5.29598045349121,5.04770946502686,12.9455003738403,21.1490039825439,13.061975479126,,False,0,3.45411846508975,False,0,True,False,False,False,False
8.4,3.535475730896,3.55494284629822,5.15108060836792,4.90960216522217,12.9479007720947,21.2490062713623,13.0595750808716,,False,0,3.35496161232377,False,0,True,False,False,False,False
8.42,3.64346289634705,3.45494246482849,5.00618028640747,4.77149486541748,12.9503011703491,21.3489952087402,13.0571746826172,,False,0,3.25585613528717,False,0,True,False,False,False,False
8.44,3.75833010673523,3.35494184494019,4.86127996444702,4.63338756561279,12.9527006149292,21.4489974975586,13.0547752380371,,False,0,3.15680687268377,False,0,True,False,False,False,False
8.46,3.88075804710388,3.25494122505188,4.71638011932373,4.49528026580811,12.9551010131836,21.548999786377,13.0523748397827,,False,0,3.05781928723538,False,0,True,False,False,False,False
8.48,4.01151847839355,3.15494060516357,4.5714807510376,4.35717296600342,12.957501411438,21.6489925384521,13.0499744415283,,False,0,2.95889956902721,False,0,True,False,False,False,False
8.5,4.15152168273926,3.05493998527527,4.42658042907715,4.219069480896,12.9599018096924,21.7489948272705,13.0475740432739,,False,0,2.86005526281153,False,0,True,False,False,False,False
8.52,4.30174541473389,2.95493960380554,4.28168058395386,4.08096218109131,12.9623012542725,21.8489952087402,13.0451745986938,,False,0,2.76129395237748,False,0,True,False,False,False,False
8.54,4.46334886550903,2.8653826713562,4.15191984176636,3.95727849006653,12.9644498825073,21.9385509490967,13.043025970459,,False,0,2.66262487311265,False,0,False,False,False,False,False
8.559999,4.6186375617981,2.78035545349121,4.02871608734131,3.83985018730164,12.9664916992188,22.0235862731934,13.0409841537476,,False,0,2.57434487603758,False,0,False,False,False,False,False
8.58,4.77643823623657,2.70024704933167,3.91263937950134,3.72921538352966,12.9684143066406,22.1036930084229,13.0390615463257,,False,0,2.49061279994535,False,0,False,False,False,False,False
8.599999,4.93528938293457,2.62520933151245,3.80391049385071,3.62558364868164,12.9702157974243,22.1787242889404,13.037260055542,,False,0,2.41180552270783,False,0,False,False,False,False,False
8.62,5.09394502639771,2.55523920059204,3.70252394676209,3.52895021438599,12.9718942642212,22.2487010955811,13.0355815887451,,False,0,2.33806531356195,False,0,False,False,False,False,False
8.639999,5.25135707855225,2.49528908729553,3.61565685272217,3.44615530967712,12.9733333587646,22.308650970459,13.0341424942017,,False,0,2.26937999587112,False,0,False,False,False,False,False
8.66,5.39397811889648,2.44029188156128,3.53596615791321,3.37020063400269,12.9746532440186,22.3636474609375,13.0328226089478,,False,0,2.21059091528098,False,0,False,False,False,False,False
8.679999,5.53172302246094,2.39012551307678,3.46327567100525,3.30091762542725,12.9758586883545,22.4138145446777,13.0316171646118,,False,0,2.15671261503379,False,0,False,False,False,False,False
8.7,5.66356563568115,2.34526705741882,3.39827585220337,3.23896527290344,12.9769353866577,22.4586753845215,13.0305404663086,,False,0,2.10761479711477,False,0,False,False,False,False,False
8.72,5.78671789169312,2.30577731132507,3.34105563163757,3.18442749977112,12.9778814315796,22.4981632232666,13.0295944213867,,False,0,2.06375150771589,False,0,False,False,False,False,False
8.74,5.89944934844971,2.2758309841156,3.29766345024109,3.14306950569153,12.9785985946655,22.5281085968018,13.0288772583008,,False,0,2.02517004876805,False,0,False,False,False,False,False
8.76,5.98749208450317,2.25080323219299,3.26139855384827,3.1085045337677,12.9791975021362,22.5531425476074,13.0282783508301,,False,0,1.99592921037857,False,0,False,False,False,False,False
8.78,6.06280899047852,2.23081612586975,3.23243713378906,3.08090090751648,12.979679107666,22.5731239318848,13.0277967453003,,False,0,1.97150209060747,False,0,False,False,False,False,False
8.8,6.12397432327271,2.21578192710876,3.21065258979797,3.06013774871826,12.9800415039063,22.5881595611572,13.0274343490601,,False,0,1.95199976125056,False,0,False,False,False,False,False
8.82,6.17031335830688,2.20578837394714,3.19617199897766,3.04633593559265,12.980281829834,22.5981521606445,13.0271940231323,,False,0,1.93732909282871,False,0,False,False,False,False,False
8.84,6.20079660415649,2.20569276809692,3.19603395462036,3.04620432853699,12.9802856445313,22.5982475280762,13.0271902084351,,False,0,1.92756961217234,False,0,False,False,False,False,False
8.86,6.19899702072144,2.20569276809692,3.19603395462036,3.04620432853699,12.9802856445313,22.5982475280762,13.0271902084351,,False,0,1.92744564446483,False,0,False,False,False,False,False
8.88,6.19686317443848,2.20569276809692,3.19603395462036,3.04620432853699,12.9802856445313,22.5982475280762,13.0271902084351,,False,0,1.92741422386916,False,0,False,False,False,False,False
8.9,6.1947808265686,2.20569276809692,3.19603395462036,3.04620432853699,12.9802856445313,22.5982475280762,13.0271902084351,,False,0,1.92738359991894,False,0,False,False,False,False,False
8.92,6.19270086288452,2.20569276809692,3.19603395462036,3.04620432853699,12.9802856445313,22.5982475280762,13.0271902084351,,False,0,1.92735298697496,False,0,False,False,False,False,False
8.94,6.19061994552612,2.20569276809692,3.19603395462036,3.04620432853699,12.9802856445313,22.5982475280762,13.0271902084351,,False,0,1.92732238502699,False,0,False,False,False,False,False
8.96,6.18853855133057,2.20569276809692,3.19603395462036,3.04620432853699,12.9802856445313,22.5982475280762,13.0271902084351,,False,0,1.92729179407736,False,0,False,False,False,False,False
8.98,6.18645858764648,2.20569276809692,3.19603395462036,3.04620432853699,12.9802856445313,22.5982475280762,13.0271902084351,,False,0,1.92726121412657,False,0,False,False,False,False,False
9,6.18437719345093,2.20569276809692,3.19603395462036,3.04620432853699,12.9802856445313,22.5982475280762,13.0271902084351,,False,0,1.92723064517515,False,0,False,False,False,False,False
9.02,6.18229675292969,2.20569276809692,3.19603395462036,3.04620432853699,12.9802856445313,22.5982475280762,13.0271902084351,,False,0,1.92720008722364,False,0,False,False,False,False,False
9.04,6.18026876449585,2.20569276809692,3.19603395462036,3.04620432853699,12.9802856445313,22.5982475280762,13.0271902084351,,False,0,1.92717032339028,False,0,False,False,False,False,False
9.059999,6.17824125289917,2.20569276809692,3.19603395462036,3.04620432853699,12.9802856445313,22.5982475280762,13.0271902084351,,False,0,1.92714057000272,False,0,False,False,False,False,False
9.08,6.17621421813965,2.20569276809692,3.19603395462036,3.04620432853699,12.9802856445313,22.5982475280762,13.0271902084351,,False,0,1.92711082705608,False,0,False,False,False,False,False
9.099999,6.17418670654297,2.20569276809692,3.19603395462036,3.04620432853699,12.9802856445313,22.5982475280762,13.0271902084351,,False,0,1.92708109455799,False,0,False,False,False,False,False
9.12,6.17215919494629,2.20569276809692,3.19603395462036,3.04620432853699,12.9802856445313,22.5982475280762,13.0271902084351,,False,0,1.9270513725018,False,0,False,False,False,False,False
9.139999,6.17013120651245,2.20569276809692,3.19603395462036,3.04620432853699,12.9802856445313,22.5982475280762,13.0271902084351,,False,0,1.92702166089512,False,0,False,False,False,False,False
9.16,6.16810321807861,2.20569276809692,3.19603395462036,3.04620432853699,12.9802856445313,22.5982475280762,13.0271902084351,,False,0,1.9269919597313,False,0,False,False,False,False,False
9.179999,6.16612815856934,2.20569276809692,3.19603395462036,3.04620432853699,12.9802856445313,22.5982475280762,13.0271902084351,,False,0,1.92696305021873,False,0,False,False,False,False,False
9.2,6.16415596008301,2.20569276809692,3.19603395462036,3.04620432853699,12.9802856445313,22.5982475280762,13.0271902084351,,False,0,1.92693415061818,False,0,False,False,False,False,False
9.22,6.16218185424805,2.20569276809692,3.19603395462036,3.04620432853699,12.9802856445313,22.5982475280762,13.0271902084351,,False,0,1.92690526091014,False,0,False,False,False,False,False
9.24,6.16020679473877,2.20569276809692,3.19603395462036,3.04620432853699,12.9802856445313,22.5982475280762,13.0271902084351,,False,0,1.92687638110777,False,0,False,False,False,False,False
9.26,6.15823173522949,2.20569276809692,3.19603395462036,3.04620432853699,12.9802856445313,22.5982475280762,13.0271902084351,,False,0,1.92684751121691,False,0,False,False,False,False,False
9.28,6.15625762939453,2.20569276809692,3.19603395462036,3.04620432853699,12.9802856445313,22.5982475280762,13.0271902084351,,False,0,1.92681865122898,False,0,False,False,False,False,False
9.3,6.15428304672241,2.20569276809692,3.19603395462036,3.04620432853699,12.9802856445313,22.5982475280762,13.0271902084351,,False,0,1.92678980116077,False,0,False,False,False,False,False
9.32,6.15230798721313,2.20569276809692,3.19603395462036,3.04620432853699,12.9802856445313,22.5982475280762,13.0271902084351,,False,0,1.92676096099276,False,0,False,False,False,False,False
9.34,6.15038824081421,2.20569276809692,3.19603395462036,3.04620432853699,12.9802856445313,22.5982475280762,13.0271902084351,,False,0,1.9267329097987,False,0,False,False,False,False,False
9.36,6.14846658706665,2.20569276809692,3.19603395462036,3.04620432853699,12.9802856445313,22.5982475280762,13.0271902084351,,False,0,1.92670486798086,False,0,False,False,False,False,False
9.38,6.14654541015625,2.20569276809692,3.19603395462036,3.04620432853699,12.9802856445313,22.5982475280762,13.0271902084351,,False,0,1.92667683554339,False,0,False,False,False,False,False
9.4,6.14462471008301,2.20569276809692,3.19603395462036,3.04620432853699,12.9802856445313,22.5982475280762,13.0271902084351,,False,0,1.9266488124867,False,0,False,False,False,False,False
9.42,6.14270353317261,2.20569276809692,3.19603395462036,3.04620432853699,12.9802856445313,22.5982475280762,13.0271902084351,,False,0,1.9266207988112,False,0,False,False,False,False,False
9.44,6.14078330993652,2.20569276809692,3.19603395462036,3.04620432853699,12.9802856445313,22.5982475280762,13.0271902084351,,False,0,1.92659279451729,False,0,False,False,False,False,False
9.46,6.13886070251465,2.20569276809692,3.19603395462036,3.04620432853699,12.9802856445313,22.5982475280762,13.0271902084351,,False,0,1.92656479960539,False,0,False,False,False,False,False
9.48,6.13694047927856,2.20569276809692,3.19603395462036,3.04620432853699,12.9802856445313,22.5982475280762,13.0271902084351,,False,0,1.9265368140759,False,0,False,False,False,False,False
